"observation_number","dist_cod","county","district","gr_span","enrl_tot","teachers","calw_pct","meal_pct","computer","testscr","comp_stu","expn_stu","str","avginc","el_pct","read_scr","math_scr"
1.000000,75119.000000,"Alameda","Sunol Glen Unified","KK-08",195.000000,10.900000,0.510200,2.040800,67.000000,690.799988,0.343590,6384.911133,17.889910,22.690001,0.000000,691.599976,690.000000
2.000000,61499.000000,"Butte","Manzanita Elementary","KK-08",240.000000,11.150000,15.416700,47.916698,101.000000,661.200012,0.420833,5099.380859,21.524664,9.824000,4.583333,660.500000,661.900024
3.000000,61549.000000,"Butte","Thermalito Union Elementary","KK-08",1550.000000,82.900002,55.032299,76.322601,169.000000,643.599976,0.109032,5501.954590,18.697226,8.978000,30.000002,636.299988,650.900024
4.000000,61457.000000,"Butte","Golden Feather Union Elementary","KK-08",243.000000,14.000000,36.475399,77.049202,85.000000,647.700012,0.349794,7101.831055,17.357143,8.978000,0.000000,651.900024,643.500000
5.000000,61523.000000,"Butte","Palermo Union Elementary","KK-08",1335.000000,71.500000,33.108601,78.427002,171.000000,640.849976,0.128090,5235.987793,18.671329,9.080333,13.857677,641.799988,639.900024
6.000000,62042.000000,"Fresno","Burrel Union Elementary","KK-08",137.000000,6.400000,12.318800,86.956497,25.000000,605.550049,0.182482,5580.146973,21.406250,10.415000,12.408759,605.700012,605.400024
7.000000,68536.000000,"San Joaquin","Holt Union Elementary","KK-08",195.000000,10.000000,12.903200,94.623703,28.000000,606.750000,0.143590,5253.331055,19.500000,6.577000,68.717949,604.500000,609.000000
8.000000,63834.000000,"Kern","Vineland Elementary","KK-08",888.000000,42.500000,18.806299,100.000000,66.000000,609.000000,0.074324,4565.746094,20.894117,8.174000,46.959461,605.500000,612.500000
9.000000,62331.000000,"Fresno","Orange Center Elementary","KK-08",379.000000,19.000000,32.189999,93.139801,35.000000,612.500000,0.092348,5355.548340,19.947369,7.385000,30.079157,608.900024,616.099976
10.000000,67306.000000,"Sacramento","Del Paso Heights Elementary","KK-06",2247.000000,108.000000,78.994202,87.316399,0.000000,612.650024,0.000000,5036.211426,20.805555,11.613333,40.275921,611.900024,613.400024
11.000000,65722.000000,"Merced","Le Grand Union Elementary","KK-08",446.000000,21.000000,18.609900,85.874397,86.000000,615.750000,0.192825,4547.692383,21.238094,8.931000,52.914799,612.799988,618.700012
12.000000,62174.000000,"Fresno","West Fresno Elementary","KK-08",987.000000,47.000000,71.713097,98.605598,56.000000,616.299988,0.056738,5447.345215,21.000000,7.385000,54.609932,616.599976,616.000000
13.000000,71795.000000,"Tulare","Allensworth Elementary","KK-08",103.000000,5.000000,22.429899,98.130798,25.000000,616.299988,0.242718,6567.149414,20.600000,5.335000,42.718445,612.799988,619.799988
14.000000,72181.000000,"Tulare","Sunnyside Union Elementary","KK-08",487.000000,24.340000,24.609400,77.148399,0.000000,616.299988,0.000000,4818.612793,20.008217,8.279000,20.533880,610.000000,622.599976
15.000000,72298.000000,"Tulare","Woodville Elementary","KK-08",649.000000,36.000000,14.637900,76.271202,31.000000,616.450012,0.047766,5621.456055,18.027779,9.630000,80.123260,611.900024,621.000000
16.000000,72041.000000,"Tulare","Pixley Union Elementary","KK-08",852.000000,42.070000,24.214199,94.295700,80.000000,617.349976,0.093897,6026.359863,20.251961,7.454000,49.413143,614.799988,619.900024
17.000000,63594.000000,"Kern","Lost Hills Union Elementary","KK-08",491.000000,28.920000,11.201600,97.759697,100.000000,618.050049,0.203666,6723.237793,16.977869,6.216000,85.539719,611.700012,624.400024
18.000000,63370.000000,"Kern","Buttonwillow Union Elementary","KK-08",421.000000,25.500000,8.551100,77.909698,50.000000,618.300049,0.118765,5589.885254,16.509804,7.764000,58.907364,614.900024,621.700012
19.000000,64709.000000,"Los Angeles","Lennox Elementary","KK-08",6880.000000,303.029999,21.282400,94.971199,960.000000,619.799988,0.139535,5064.615723,22.704023,7.022000,77.005814,619.099976,620.500000
20.000000,63560.000000,"Kern","Lamont Elementary","KK-08",2688.000000,135.000000,23.437500,93.229202,139.000000,620.299988,0.051711,5433.593262,19.911112,5.699000,49.813988,621.299988,619.299988
21.000000,63230.000000,"Imperial","Westmorland Union Elementary","KK-08",440.000000,24.000000,34.772701,100.000000,69.000000,620.500000,0.156818,5725.563477,18.333334,7.941000,40.681820,615.599976,625.400024
22.000000,72058.000000,"Tulare","Pleasant View Elementary","KK-08",475.000000,21.000000,21.649500,91.546402,53.000000,621.400024,0.111579,4542.104980,22.619047,9.630000,16.210526,619.900024,622.900024
23.000000,63842.000000,"Kern","Wasco Union Elementary","KK-08",2538.000000,130.500000,18.911100,70.816704,169.000000,621.750000,0.066588,5107.086426,19.448277,7.405000,45.074863,622.900024,620.599976
24.000000,71811.000000,"Tulare","Alta Vista Elementary","KK-08",476.000000,19.000000,43.855900,100.000000,0.000000,622.050049,0.000000,4659.661621,25.052631,9.630000,39.075630,620.700012,623.400024
25.000000,65748.000000,"Merced","Livingston Union Elementary","KK-08",2357.000000,114.000000,16.801001,90.623703,216.000000,622.599976,0.091642,4555.464355,20.675438,8.019000,76.665253,619.500000,625.700012
26.000000,72272.000000,"Tulare","Woodlake Union Elementary","KK-08",1588.000000,85.000000,22.407200,85.147202,198.000000,623.099976,0.124685,5415.152832,18.682352,8.523000,40.491184,625.000000,621.200012
27.000000,65961.000000,"Monterey","Alisal Union Elementary","KK-06",7306.000000,319.799988,17.001499,88.034897,742.000000,623.200012,0.101560,4997.871582,22.845530,7.983181,73.720230,620.400024,626.000000
28.000000,63313.000000,"Kern","Arvin Union Elementary","KK-08",2601.000000,135.000000,15.071100,92.195297,269.000000,623.450012,0.103422,5223.912109,19.266666,7.305000,70.011536,616.500000,630.400024
29.000000,72199.000000,"Tulare","Terra Bella Union Elementary","KK-08",847.000000,44.000000,16.292801,90.200699,67.000000,623.599976,0.079103,5139.164551,19.250000,8.934000,55.962215,620.099976,627.099976
30.000000,72215.000000,"Tulare","Tipton Elementary","KK-08",452.000000,22.000000,14.498900,81.023499,55.000000,624.150024,0.121681,4614.251953,20.545454,8.554000,11.061947,627.900024,620.400024
31.000000,68379.000000,"San Diego","San Ysidro Elementary","KK-08",4142.000000,201.000000,35.562500,81.506500,569.000000,624.550049,0.137373,5342.233398,20.606966,6.613000,80.420090,620.400024,628.700012
32.000000,75440.000000,"Monterey","Soledad Unified","KK-08",2102.000000,99.750000,15.319900,90.284897,224.000000,624.950012,0.106565,5347.458496,21.072681,12.409000,63.130356,623.000000,626.900024
33.000000,64816.000000,"Los Angeles","Mountain View Elementary","KK-08",10012.000000,464.899994,29.763901,91.593399,721.000000,625.299988,0.072014,5036.458984,21.535814,8.126616,65.121857,620.799988,629.799988
34.000000,66050.000000,"Monterey","King City Union Elementary","KK-08",2488.000000,125.000000,12.692000,55.092999,202.000000,625.849976,0.081190,5117.141602,19.903999,11.431000,53.416401,626.099976,625.599976
35.000000,67819.000000,"San Bernardino","Ontario-Montclair Elementary","KK-08",25151.000000,1186.699951,17.442600,80.195602,1713.000000,626.099976,0.068109,5117.039551,21.194069,11.722225,49.823071,625.400024,626.799988
36.000000,64758.000000,"Los Angeles","Los Nietos Elementary","KK-08",2267.000000,103.680000,19.151699,84.433800,177.000000,626.800049,0.078077,5272.191895,21.865355,11.332500,35.465370,625.400024,628.200012
37.000000,65870.000000,"Merced","Winton Elementary","KK-08",1657.000000,90.400002,28.847300,84.731400,204.000000,626.900024,0.123114,5225.719238,18.329645,9.598000,56.125526,623.599976,630.200012
38.000000,62380.000000,"Fresno","Raisin City Elementary","KK-08",284.000000,17.500000,14.527000,94.932404,18.000000,627.099976,0.063380,6516.533203,16.228571,14.558000,32.394367,628.900024,625.299988
39.000000,68999.000000,"San Mateo","Ravenswood City Elementary","KK-08",5370.000000,280.000000,19.571699,81.117302,562.000000,627.250000,0.104655,4559.176758,19.178572,22.059999,65.512100,624.400024,630.099976
40.000000,63578.000000,"Kern","Richland-Lerdo Union Elementary","KK-08",2471.000000,121.860001,23.796000,87.778198,275.000000,627.299988,0.111291,5119.158203,20.277367,9.709000,53.055443,627.500000,627.099976
41.000000,72538.000000,"Ventura","Oxnard Elementary","KK-08",15386.000000,669.359985,12.506400,71.433098,1762.000000,628.250000,0.114520,5338.185547,22.986137,11.482944,49.642532,627.799988,628.700012
42.000000,65680.000000,"Merced","El Nido Elementary","KK-08",184.000000,9.000000,22.282600,85.869598,40.000000,628.400024,0.217391,5090.044922,20.444445,8.178000,45.108696,621.599976,635.200012
43.000000,63461.000000,"Kern","Fairfax Elementary","KK-08",1217.000000,61.400002,33.908001,88.095200,78.000000,628.550049,0.064092,5485.496094,19.820847,8.174000,30.320459,629.400024,627.700012
44.000000,63404.000000,"Kern","Delano Union Elementary","KK-08",6219.000000,268.000000,21.498600,100.000000,571.000000,628.650024,0.091815,4793.370117,23.205223,7.500000,52.243126,621.099976,636.200012
45.000000,67199.000000,"Riverside","Perris Elementary","KK-06",4258.000000,221.000000,24.659500,92.743103,324.000000,628.750000,0.076092,5092.917480,19.266968,10.050500,36.801315,626.500000,631.000000
46.000000,65078.000000,"Los Angeles","Valle Lindo Elementary","KK-08",1235.000000,53.000000,8.218300,62.130199,175.000000,629.800049,0.141700,4359.520996,23.301888,7.332000,30.283400,630.200012,629.400024
47.000000,69369.000000,"Santa Clara","Alum Rock Union Elementary","KK-08",16244.000000,766.650024,17.453100,69.739899,1423.000000,630.349976,0.087602,5645.495605,21.188286,12.581577,49.864567,629.500000,631.200012
48.000000,63438.000000,"Kern","Edison Elementary","KK-08",814.000000,39.000000,19.778900,67.444702,85.000000,630.400024,0.104423,4518.016113,20.871796,15.177000,13.759213,631.900024,628.900024
49.000000,63321.000000,"Kern","Bakersfield City Elementary","KK-08",27176.000000,1429.000000,39.218399,84.294998,3324.000000,630.549988,0.122314,5864.366211,19.017494,12.109128,28.863705,631.599976,629.500000
50.000000,69450.000000,"Santa Clara","Franklin-McKinley Elementary","KK-08",10696.000000,487.970001,22.157801,70.895699,1306.000000,630.549988,0.122102,5257.996582,21.919380,11.785000,52.804787,628.500000,632.599976
51.000000,64592.000000,"Los Angeles","Hawthorne Elementary","KK-08",8935.000000,444.500000,36.945099,79.512001,786.000000,631.050049,0.087969,5016.692383,20.101238,14.062000,44.085060,628.400024,633.700012
52.000000,65193.000000,"Madera","Chowchilla Elementary","KK-08",1600.000000,74.500000,27.261400,79.725502,242.000000,631.400024,0.151250,4720.086426,21.476511,10.472000,35.250000,635.700012,627.099976
53.000000,66142.000000,"Monterey","Salinas City Elementary","KK-06",9028.000000,449.920013,13.988500,69.942497,669.000000,631.849976,0.074103,5470.562500,20.065788,13.405117,37.494461,633.000000,630.700012
54.000000,69120.000000,"Santa Barbara","Santa Maria-Bonita Elementary","KK-08",10625.000000,521.469971,7.497500,77.525597,896.000000,631.900024,0.084329,5615.441895,20.375095,12.301800,50.390591,629.599976,634.200012
55.000000,65110.000000,"Los Angeles","Whittier City Elementary","KK-08",7151.000000,318.579987,18.548100,61.738201,560.000000,631.950012,0.078311,5245.439941,22.446482,15.404071,31.072578,634.200012,629.700012
56.000000,64477.000000,"Los Angeles","Eastside Union Elementary","KK-08",2404.000000,105.000000,20.927401,52.943501,202.000000,632.000000,0.084027,4838.175293,22.895239,13.762000,18.261232,633.500000,630.500000
57.000000,64691.000000,"Los Angeles","Lawndale Elementary","KK-08",5804.000000,283.149994,28.342501,81.116501,480.000000,632.200012,0.082702,5367.988281,20.497971,14.184000,34.700207,631.400024,633.000000
58.000000,67421.000000,"Sacramento","Robla Elementary","KK-06",2253.000000,112.650002,43.497601,84.553902,196.000000,632.250000,0.086995,5526.236816,20.000000,8.865000,33.288948,637.500000,627.000000
59.000000,66191.000000,"Monterey","Santa Rita Union Elementary","KK-08",2807.000000,126.120003,15.459500,52.396400,152.000000,632.449951,0.054150,4353.019531,22.256580,12.997000,33.487709,637.299988,627.599976
60.000000,72561.000000,"Ventura","Rio Elementary","KK-08",3074.000000,142.550003,11.289800,66.194901,249.000000,632.849976,0.081002,5034.290039,21.564363,11.592000,38.158752,633.200012,632.500000
61.000000,72157.000000,"Tulare","Strathmore Union Elementary","KK-08",723.000000,37.119999,25.921101,83.157898,45.000000,632.950012,0.062241,4692.493652,19.477371,8.279000,36.929462,629.200012,636.700012
62.000000,67397.000000,"Sacramento","North Sacramento Elementary","KK-06",5138.000000,290.774994,58.752201,84.999001,560.000000,633.049988,0.108992,5606.781738,17.670021,10.905643,32.989491,630.299988,635.799988
63.000000,66423.000000,"Orange","Anaheim Elementary","KK-06",20927.000000,953.500000,10.911400,82.392601,1048.000000,633.150024,0.050079,4969.180664,21.947561,13.400625,58.216656,629.599976,636.700012
64.000000,63974.000000,"Kings","Lemoore Union Elementary","KK-08",3017.000000,138.500000,14.976800,56.063599,496.000000,633.650024,0.164402,4675.674805,21.783394,11.081000,17.003647,634.400024,632.900024
65.000000,63875.000000,"Kings","Armona Union Elementary","KK-08",957.000000,50.000000,27.168200,82.131699,149.000000,633.900024,0.155695,5306.132812,19.139999,9.082000,17.659353,634.700012,633.099976
66.000000,63339.000000,"Kern","Beardsley Elementary","KK-08",1639.000000,90.500000,46.888199,80.604202,287.000000,634.000000,0.175107,5693.883301,18.110497,13.390000,7.321537,638.400024,629.599976
67.000000,65037.000000,"Los Angeles","South Whittier Elementary","KK-08",4340.000000,209.839996,17.702600,93.922699,284.000000,634.050049,0.065438,5181.579590,20.682425,14.601625,31.198156,631.900024,636.200012
68.000000,63917.000000,"Kings","Hanford Elementary","KK-08",5079.000000,224.500000,25.559299,63.803600,585.000000,634.099976,0.115180,5228.650879,22.623608,11.116000,16.617445,637.700012,630.500000
69.000000,68221.000000,"San Diego","National Elementary","KK-06",6639.000000,304.730011,26.841400,100.000000,505.000000,634.099976,0.076066,5339.391113,21.786499,8.423000,58.081036,631.500000,636.700012
70.000000,70904.000000,"Sonoma","Roseland Elementary","KK-06",1154.000000,62.099998,22.927700,84.920601,129.000000,634.150024,0.111785,6056.497070,18.582932,11.665000,55.892544,636.799988,631.500000
71.000000,63420.000000,"Kern","Di Giorgio Elementary","KK-08",237.000000,11.000000,19.831200,76.793198,13.000000,634.199951,0.054852,4845.680176,21.545454,7.305000,5.485232,631.799988,636.599976
72.000000,64642.000000,"Los Angeles","Keppel Union Elementary","KK-08",2987.000000,141.210007,21.258801,68.396400,273.000000,634.400024,0.091396,4826.666016,21.152891,13.730599,14.429193,637.700012,631.099976
73.000000,63966.000000,"Kings","Lakeside Union Elementary","KK-08",499.000000,30.000000,40.367001,83.119301,94.000000,634.549988,0.188377,5367.090332,16.633333,11.116000,22.845692,635.500000,633.599976
74.000000,65771.000000,"Merced","Merced City Elementary","KK-08",11474.000000,542.650024,40.552601,77.008904,1248.000000,634.700012,0.108768,5742.732910,21.144382,10.364429,38.783337,633.200012,636.200012
75.000000,69203.000000,"Santa Barbara","Guadalupe Union Elementary","KK-08",1088.000000,55.000000,14.154400,86.029404,107.000000,634.900024,0.098346,4136.250977,19.781818,6.983000,64.246323,631.099976,638.700012
76.000000,67694.000000,"San Bernardino","Cucamonga Elementary","KK-08",2660.000000,140.119995,15.760100,74.850998,259.000000,634.949951,0.097368,5267.831055,18.983728,14.467800,25.225565,637.799988,632.099976
77.000000,61705.000000,"Contra Costa","Knightsen Elementary","KK-08",353.000000,19.980000,8.672100,33.062302,8.000000,635.049988,0.022663,5238.392090,17.667667,14.653000,5.382436,636.599976,633.500000
78.000000,63008.000000,"Humboldt","Rio Dell Elementary","KK-08",329.000000,18.530001,28.915701,85.542198,37.000000,635.199951,0.112462,5462.899414,17.754992,10.629000,6.079028,644.299988,626.099976
79.000000,70417.000000,"Siskiyou","Montague Elementary","KK-08",252.000000,16.500000,23.456800,66.255096,32.000000,635.450012,0.126984,6313.373535,15.272727,9.781000,0.000000,640.900024,630.000000
80.000000,70409.000000,"Siskiyou","McCloud Union Elementary","KK-08",175.000000,12.500000,21.764700,68.823502,31.000000,635.599976,0.177143,6653.030762,14.000000,10.656000,0.000000,634.599976,636.599976
81.000000,72587.000000,"Ventura","Santa Paula Elementary","KK-08",3835.000000,186.199997,13.991100,72.862801,897.000000,635.599976,0.233898,5533.149414,20.596134,11.938000,34.889179,633.000000,638.200012
82.000000,62539.000000,"Fresno","West Park Elementary","KK-08",314.000000,19.250000,29.936300,93.630600,8.000000,635.750000,0.025478,6118.710449,16.311687,7.385000,13.057324,636.700012,634.799988
83.000000,65631.000000,"Merced","Atwater Elementary","KK-08",4458.000000,211.000000,22.222200,72.320801,445.000000,635.950012,0.099821,5098.626953,21.127962,10.676000,36.025124,633.200012,638.700012
84.000000,65862.000000,"Merced","Weaver Union Elementary","KK-08",1313.000000,75.080002,32.086800,73.597603,112.000000,636.099976,0.085301,5652.878906,17.488012,9.972000,34.653465,633.900024,638.299988
85.000000,62356.000000,"Fresno","Pacific Union Elementary","KK-08",474.000000,26.500000,21.518999,75.738403,36.000000,636.500000,0.075949,5329.002441,17.886793,8.258000,28.691982,634.700012,638.299988
86.000000,75051.000000,"San Bernardino","Lucerne Valley Unified","KK-08",1114.000000,57.700001,29.446800,62.212799,277.000000,636.599976,0.248654,5929.809082,19.306759,8.896000,1.795332,645.400024,627.799988
87.000000,67231.000000,"Riverside","Romoland Elementary","KK-06",1358.000000,65.000000,14.790300,80.868301,178.000000,636.699951,0.131075,4897.067871,20.892307,12.062000,30.633286,632.299988,641.099976
88.000000,64501.000000,"Los Angeles","El Monte City Elementary","KK-08",11629.000000,546.299988,25.379400,83.873703,1015.000000,636.900024,0.087282,5100.202148,21.286839,9.428895,59.033455,632.400024,641.400024
89.000000,63503.000000,"Kern","Greenfield Union Elementary","KK-08",6195.000000,306.750000,21.043301,68.571899,1261.000000,636.950012,0.203551,4825.722656,20.195599,8.920333,13.559322,636.200012,637.700012
90.000000,72033.000000,"Tulare","Palo Verde Union Elementary","KK-08",499.000000,20.000000,23.699400,80.924896,35.000000,637.000000,0.070140,4079.129150,24.950001,10.098000,5.010020,636.099976,637.900024
91.000000,67322.000000,"Sacramento","Elverta Joint Elementary","KK-08",417.000000,23.000000,19.904100,46.043201,27.000000,637.099976,0.064748,5349.367676,18.130434,11.830000,0.959233,638.000000,636.200012
92.000000,64048.000000,"Lake","Lucerne Elementary","KK-08",300.000000,15.000000,48.344398,72.185402,55.000000,637.349976,0.183333,5869.389160,20.000000,11.553000,0.666667,640.900024,633.799988
93.000000,69542.000000,"Santa Clara","Luther Burbank Elementary","KK-08",457.000000,24.400000,16.816099,67.712997,50.000000,637.650024,0.109409,6462.127930,18.729509,19.707001,38.512035,644.900024,630.400024
94.000000,61382.000000,"Butte","Bangor Union Elementary","KK-08",146.000000,8.000000,25.342501,54.109600,34.000000,637.949951,0.232877,6231.601562,18.250000,7.105000,0.000000,646.099976,629.799988
95.000000,68858.000000,"San Mateo","Bayshore Elementary","KK-08",460.000000,24.219999,10.593200,66.949203,71.000000,637.950012,0.154348,4993.867676,18.992569,13.725000,17.173914,633.200012,642.700012
96.000000,72017.000000,"Tulare","Oak Valley Union Elementary","KK-08",354.000000,17.799999,10.277800,59.722198,28.000000,638.000000,0.079096,4663.811035,19.887642,10.098000,9.887006,636.700012,639.299988
97.000000,65151.000000,"Los Angeles","Wilsona Elementary","KK-08",1841.000000,95.000000,25.257999,64.747398,315.000000,638.200012,0.171103,6107.106445,19.378948,13.762000,19.391636,640.400024,636.000000
98.000000,63073.000000,"Imperial","Brawley Elementary","KK-08",3760.000000,183.750000,26.901600,65.796097,717.000000,638.300049,0.190691,5324.228027,20.462585,9.665000,36.489361,636.200012,640.400024
99.000000,63198.000000,"Imperial","Meadows Union Elementary","KK-08",500.000000,22.430000,18.799999,83.000000,70.000000,638.300049,0.140000,5221.460938,22.291573,10.264000,39.399998,630.400024,646.200012
100.000000,64717.000000,"Los Angeles","Little Lake City Elementary","KK-08",5112.000000,246.899994,10.691200,59.723499,383.000000,638.349976,0.074922,5157.784668,20.704739,11.569201,28.677622,638.599976,638.099976
101.000000,63719.000000,"Kern","Pond Union Elementary","KK-08",146.000000,7.660000,13.698600,66.438400,28.000000,638.549988,0.191781,5131.119141,19.060053,7.405000,13.698630,637.500000,639.599976
102.000000,63800.000000,"Kern","Taft City Elementary","KK-08",2141.000000,105.820000,26.496500,65.382797,134.000000,638.700012,0.062588,5279.354004,20.232470,12.077000,11.349836,636.900024,640.500000
103.000000,71357.000000,"Sutter","Brittan Elementary","KK-08",610.000000,30.980000,8.524600,56.065601,144.000000,639.250000,0.236066,4704.043945,19.690123,11.283000,3.442623,640.299988,638.200012
104.000000,65557.000000,"Mendocino","Arena Union Elementary","KK-08",337.000000,16.549999,21.262501,60.132900,26.000000,639.300049,0.077151,6089.910645,20.362539,10.035000,15.430267,642.700012,635.900024
105.000000,67587.000000,"San Bernardino","Adelanto Elementary","KK-08",4501.000000,227.850006,19.129700,63.905499,597.000000,639.349976,0.132637,5356.833496,19.754223,8.384000,17.973783,639.900024,638.799988
106.000000,67470.000000,"San Benito","Hollister School District","KK-08",5718.000000,295.049988,6.840700,37.045601,313.000000,639.500000,0.054739,5144.549316,19.379766,13.630000,22.717733,641.400024,637.599976
107.000000,64857.000000,"Los Angeles","Palmdale Elementary","KK-08",19402.000000,846.380005,20.523701,51.242100,1182.000000,639.750000,0.060922,4906.229980,22.923510,14.127667,18.436245,641.700012,637.799988
108.000000,61507.000000,"Butte","Oroville City Elementary","KK-08",3401.000000,175.550003,52.219898,74.272301,560.000000,639.799988,0.164657,5489.588867,19.373398,11.266125,16.171715,641.500000,638.099976
109.000000,63792.000000,"Kern","Standard Elementary","KK-08",2621.000000,136.830002,25.829800,64.097702,397.000000,639.849976,0.151469,5718.551270,19.155155,13.390000,2.022129,641.400024,638.299988
110.000000,72447.000000,"Ventura","Briggs Elementary","KK-08",426.000000,20.000000,3.990600,64.788696,87.000000,639.900024,0.204225,4436.152832,21.299999,11.938000,9.624413,634.299988,645.500000
111.000000,62323.000000,"Fresno","Monroe Elementary","KK-08",205.000000,11.200000,18.536600,80.975601,24.000000,640.099976,0.117073,4895.439453,18.303572,8.258000,41.463413,643.500000,636.700012
112.000000,64667.000000,"Los Angeles","Lancaster Elementary","KK-08",13668.000000,648.409973,28.175301,56.299400,1321.000000,640.150024,0.096649,5159.218750,21.079256,14.226727,9.899035,640.400024,639.900024
113.000000,65177.000000,"Madera","Alview-Dairyland Union Elementary","KK-08",342.000000,18.200001,11.396000,68.091202,98.000000,640.500000,0.286550,5490.654785,18.791208,10.472000,16.081871,637.700012,643.299988
114.000000,66589.000000,"Orange","Magnolia Elementary","KK-06",6518.000000,332.100006,12.279100,71.023804,499.000000,640.750000,0.076557,5172.019531,19.626617,14.242901,43.494938,638.500000,643.000000
115.000000,71985.000000,"Tulare","Liberty Elementary","KK-08",239.000000,12.200000,15.611800,69.620300,30.000000,640.900024,0.125523,4441.672852,19.590164,14.066000,8.786611,644.900024,636.900024
116.000000,69617.000000,"Santa Clara","Mt. Pleasant Elementary","KK-08",2911.000000,139.470001,11.928500,52.973499,281.000000,641.099976,0.096530,5220.370117,20.871872,15.968000,39.024387,640.400024,641.799988
117.000000,63123.000000,"Imperial","El Centro Elementary","KK-08",6272.000000,297.040009,28.719999,71.762398,1338.000000,641.449951,0.213329,5252.810547,21.115002,10.264000,53.890305,639.299988,643.599976
118.000000,68395.000000,"San Diego","South Bay Union Elementary","KK-06",10218.000000,508.750000,17.420200,70.806396,1435.000000,641.449951,0.140438,5518.702148,20.084520,10.602470,41.133293,638.599976,644.299988
119.000000,69914.000000,"Shasta","Cascade Union Elementary","KK-08",1735.000000,87.139999,47.262199,75.504303,222.000000,641.549988,0.127954,5609.487793,19.910488,10.523000,1.383285,640.799988,642.299988
120.000000,71969.000000,"Tulare","Kings River Union Elementary","KK-08",474.000000,26.610001,20.675100,82.067497,96.000000,641.800049,0.202532,4945.031738,17.812851,11.238000,35.443039,638.900024,644.700012
121.000000,71548.000000,"Tehama","Gerber Union Elementary","KK-08",544.000000,30.000000,20.550501,74.862396,145.000000,642.199951,0.266544,5223.025391,18.133333,10.056000,8.639706,641.799988,642.599976
122.000000,71910.000000,"Tulare","Exeter Union Elementary","KK-08",1987.000000,103.370003,15.281200,54.654099,283.000000,642.200012,0.142426,4757.025391,19.222212,11.183000,15.349774,637.000000,647.400024
123.000000,62000.000000,"Fresno","American Union Elementary","KK-08",418.000000,22.400000,10.696500,63.432800,50.000000,642.400024,0.119617,5522.161621,18.660715,7.385000,19.856459,640.200012,644.599976
124.000000,66167.000000,"Monterey","San Antonio Union Elementary","KK-08",196.000000,10.000000,19.689100,47.150299,40.000000,642.750000,0.204082,6087.608887,19.600000,13.579000,3.061224,652.599976,632.900024
125.000000,71837.000000,"Tulare","Burton Elementary","KK-08",2208.000000,114.500000,14.414000,53.210602,92.000000,643.049988,0.041667,4960.515625,19.283842,9.630000,9.873188,642.000000,644.099976
126.000000,67157.000000,"Riverside","Nuview Union Elementary","KK-08",1255.000000,55.000000,11.322200,44.259701,165.000000,643.199951,0.131474,4880.040527,22.818182,15.274000,16.095617,642.599976,643.799988
127.000000,70615.000000,"Sonoma","Bellevue Union Elementary","KK-06",1469.000000,78.099998,20.966600,80.258698,65.000000,643.250000,0.044248,6538.417969,18.809219,14.034250,43.498978,639.400024,647.099976
128.000000,64550.000000,"Los Angeles","Garvey Elementary","KK-08",7114.000000,332.839996,34.594200,82.572197,680.000000,643.400024,0.095586,4925.659668,21.373632,10.239667,45.037952,638.900024,647.900024
129.000000,71498.000000,"Tehama","Corning Union Elementary","KK-08",1962.000000,98.000000,24.415100,67.751801,170.000000,643.400024,0.086646,5204.687500,20.020409,9.485000,18.195719,641.700012,645.099976
130.000000,68916.000000,"San Mateo","Jefferson Elementary","KK-08",7761.000000,361.000000,6.491200,44.476601,658.000000,643.500000,0.084783,4907.410645,21.498615,15.029875,15.487695,644.200012,642.799988
131.000000,70185.000000,"Siskiyou","Big Springs Union Elementary","KK-08",216.000000,14.000000,9.417000,48.878899,47.000000,643.500000,0.217593,5923.451660,15.428572,9.781000,0.925926,652.700012,634.299988
132.000000,63487.000000,"Kern","General Shafter Elementary","KK-08",224.000000,10.000000,7.142900,58.035702,31.000000,643.699951,0.138393,4741.957031,22.400000,13.192000,7.589286,633.599976,653.799988
133.000000,71308.000000,"Stanislaus","Turlock Joint Elementary","KK-08",7887.000000,391.859985,16.402399,57.072201,1004.000000,643.700012,0.127298,4954.019531,20.127087,12.216000,29.085838,645.700012,641.700012
134.000000,72421.000000,"Tuolumne","Twain Harte-Long Barn Union Elementary","KK-08",752.000000,39.500000,11.710500,34.078899,0.000000,644.199951,0.000000,5500.107910,19.037975,14.076000,0.132979,652.299988,636.099976
135.000000,69005.000000,"San Mateo","Redwood City Elementary","KK-08",9328.000000,537.880005,7.487500,39.036800,1719.000000,644.200012,0.184284,5360.517090,17.342157,25.487333,50.857632,644.500000,643.900024
136.000000,61846.000000,"El Dorado","Camino Union Elementary","KK-08",548.000000,32.200001,7.664200,31.386900,35.000000,644.400024,0.063869,5685.639160,17.018633,14.867000,11.496350,652.099976,636.700012
137.000000,65813.000000,"Merced","Plainsburg Union Elementary","KK-08",104.000000,5.000000,32.381001,49.523800,19.000000,644.450012,0.182692,5594.196289,20.799999,9.972000,13.461539,649.500000,639.400024
138.000000,68486.000000,"San Joaquin","Banta Elementary","KK-08",275.000000,13.000000,12.727300,45.818199,4.000000,644.450012,0.014545,4692.566895,21.153847,14.578000,4.727273,643.200012,645.700012
139.000000,62513.000000,"Fresno","Washington Colony Elementary","KK-08",443.000000,24.000000,14.221200,69.977402,52.000000,644.500000,0.117381,5085.406250,18.458334,7.385000,21.444695,644.299988,644.700012
140.000000,67405.000000,"Sacramento","Rio Linda Union Elementary","KK-06",10337.000000,540.049988,37.226898,58.545399,1268.000000,644.549988,0.122666,5456.197266,19.140821,12.343000,12.353681,646.000000,643.099976
141.000000,71050.000000,"Stanislaus","Chatom Union Elementary","KK-08",806.000000,41.529999,7.178800,56.675098,36.000000,644.699951,0.044665,5105.179688,19.407658,12.431333,30.148884,645.299988,644.099976
142.000000,73726.000000,"Merced","Merced River Union Elementary","KK-08",227.000000,11.600000,18.061701,59.030800,25.000000,644.950012,0.110132,5519.677246,19.568964,14.906000,15.859030,649.700012,640.200012
143.000000,72462.000000,"Ventura","Hueneme Elementary","KK-08",8416.000000,391.420013,12.399000,71.912102,1333.000000,645.099976,0.158389,5065.911133,21.501200,12.669900,43.750000,642.900024,647.299988
144.000000,62737.000000,"Humboldt","Cuddeback Union Elementary","KK-08",149.000000,8.500000,19.463100,59.060398,30.000000,645.250000,0.201342,5182.428223,17.529411,10.333000,0.000000,656.799988,633.700012
145.000000,62703.000000,"Humboldt","Blue Lake Union Elementary","KK-08",220.000000,13.390000,19.130400,52.173901,48.000000,645.549988,0.218182,5960.464355,16.430172,11.972000,0.000000,658.000000,633.099976
146.000000,68205.000000,"San Diego","Lemon Grove Elementary","KK-08",4612.000000,232.970001,17.476101,65.915001,601.000000,645.550049,0.130312,5124.836426,19.796539,12.827000,16.652212,647.700012,643.400024
147.000000,64063.000000,"Lake","Upper Lake Union Elementary","KK-08",590.000000,34.330002,37.436798,70.657700,71.000000,645.599976,0.120339,5655.133301,17.186134,10.040000,3.220339,644.799988,646.400024
148.000000,62984.000000,"Humboldt","Peninsula Union Elementary","KK-08",133.000000,7.550000,25.000000,72.142899,25.000000,645.750000,0.187970,5811.689941,17.615894,13.335000,0.000000,644.299988,647.200012
149.000000,72512.000000,"Ventura","Ocean View Elementary","KK-08",2440.000000,121.239998,7.275900,47.029900,116.000000,645.750000,0.047541,5467.673828,20.125372,9.854000,48.524590,645.500000,646.000000
150.000000,71647.000000,"Tehama","Reeds Creek Elementary","KK-08",133.000000,6.000000,11.194000,35.820900,0.000000,646.000000,0.000000,5213.089355,22.166666,11.426000,0.751880,652.500000,639.500000
151.000000,67280.000000,"Sacramento","Arcohe Union Elementary","KK-08",519.000000,26.000000,16.763000,37.957600,65.000000,646.200012,0.125241,4613.187500,19.961538,15.131000,1.926782,650.900024,641.500000
152.000000,68627.000000,"San Joaquin","New Jerusalem Elementary","KK-08",222.000000,11.660000,7.589300,40.625000,30.000000,646.349976,0.135135,4886.983887,19.039452,14.578000,13.513513,643.000000,649.700012
153.000000,70243.000000,"Siskiyou","Dunsmuir Elementary","KK-08",285.000000,18.719999,26.642300,76.277397,36.000000,646.400024,0.126316,6455.136719,15.224360,10.268000,0.000000,641.599976,651.200012
154.000000,71282.000000,"Stanislaus","Stanislaus Union Elementary","KK-08",3129.000000,147.979996,26.167601,55.790100,471.000000,646.500000,0.150527,5125.433105,21.144751,15.592857,16.714605,647.799988,645.200012
155.000000,62240.000000,"Fresno","Kingsburg Joint Union Elementary","KK-08",2019.000000,102.779999,10.252600,40.564602,167.000000,646.549988,0.082714,5193.692383,19.643900,11.238000,5.943536,649.099976,644.000000
156.000000,66456.000000,"Orange","Buena Park Elementary","KK-08",5620.000000,267.000000,10.309500,55.093899,316.000000,646.700012,0.056228,5002.838867,21.048689,15.051375,36.174377,644.000000,649.400024
157.000000,66746.000000,"Orange","Westminster Elementary","KK-08",9775.000000,484.500000,13.043000,62.503899,1218.000000,646.900024,0.124604,5337.625488,20.175438,15.413177,44.971867,645.599976,648.200012
158.000000,63933.000000,"Kings","Island Union Elementary","KK-08",246.000000,11.500000,9.756100,43.902401,38.000000,646.949951,0.154472,5161.202148,21.391304,11.081000,16.666668,647.799988,646.099976
159.000000,72231.000000,"Tulare","Tulare City Elementary","KK-08",7210.000000,360.350006,26.626801,68.857903,800.000000,647.049988,0.110957,5158.791992,20.008326,10.098000,15.187240,642.500000,651.599976
160.000000,68023.000000,"San Diego","Chula Vista Elementary","KK-06",21338.000000,1051.579956,13.227200,45.994999,2889.000000,647.250000,0.135392,5123.474121,20.291372,14.298300,34.337799,645.000000,649.500000
161.000000,69880.000000,"Shasta","Black Butte Union Elementary","KK-08",477.000000,27.000000,25.366899,59.538799,27.000000,647.299988,0.056604,5782.543945,17.666666,11.803000,0.000000,650.799988,643.799988
162.000000,65763.000000,"Merced","McSwain Union Elementary","KK-08",727.000000,39.900002,10.178800,32.187099,50.000000,647.599976,0.068776,4842.607910,18.220551,9.972000,13.067400,649.400024,645.799988
163.000000,71381.000000,"Sutter","Franklin Elementary","KK-08",374.000000,18.450001,6.684500,7.486600,46.000000,647.599976,0.122995,4219.406250,20.271002,15.409000,4.278075,651.599976,643.599976
164.000000,68098.000000,"San Diego","Escondido Union Elementary","KK-08",18255.000000,903.760010,11.221700,58.533100,2001.000000,648.000000,0.109614,5081.169922,20.198946,15.293799,39.594631,645.000000,651.000000
165.000000,64485.000000,"Los Angeles","East Whittier City Elementary","KK-08",8787.000000,410.910004,10.022700,32.483002,1058.000000,648.200012,0.120405,5144.993652,21.384245,15.532928,21.668373,648.000000,648.400024
166.000000,73544.000000,"Kern","Rio Bravo-Greeley Union Elementary","KK-08",797.000000,38.000000,7.026300,35.759102,60.000000,648.250000,0.075282,4674.298828,20.973684,16.292999,3.262233,648.799988,647.700012
167.000000,71407.000000,"Sutter","Marcum-Illinois Union Elementary","KK-08",140.000000,7.000000,3.571400,39.285702,40.000000,648.349976,0.285714,4830.326172,20.000000,12.875000,7.857143,651.599976,645.099976
168.000000,68437.000000,"San Diego","Vallecitos Elementary","KK-08",235.000000,13.700000,6.808500,67.234001,51.000000,648.700012,0.217021,5621.687988,17.153284,16.622999,39.574467,643.400024,654.000000
169.000000,67918.000000,"San Bernardino","Victor Elementary","KK-06",8294.000000,371.100006,23.197500,51.567402,1295.000000,648.949951,0.156137,4948.868164,22.349771,12.549883,10.127803,645.099976,652.799988
170.000000,66696.000000,"Orange","Savanna Elementary","KK-06",2409.000000,108.660004,8.151500,52.120201,354.000000,649.150024,0.146949,5100.975586,22.170071,14.258572,27.521791,646.000000,652.299988
171.000000,71001.000000,"Sonoma","West Side Union Elementary","KK-06",150.000000,8.250000,3.225800,23.225800,16.000000,649.300049,0.106667,5132.788574,18.181818,18.326000,14.000000,655.200012,643.400024
172.000000,69971.000000,"Shasta","Enterprise Elementary","KK-08",3981.000000,210.000000,41.773399,51.770901,606.000000,649.500000,0.152223,5358.517090,18.957144,12.749143,8.842000,649.799988,649.200012
173.000000,71621.000000,"Tehama","Red Bluff Union Elementary","KK-08",2326.000000,117.800003,17.975100,52.252300,345.000000,649.699951,0.148323,5149.186523,19.745331,11.426000,6.405847,651.299988,648.099976
174.000000,72363.000000,"Tuolumne","Jamestown Elementary","KK-08",501.000000,30.500000,20.634899,54.761902,163.000000,649.849976,0.325349,5373.206543,16.426229,8.830000,2.395210,652.599976,647.099976
175.000000,70482.000000,"Siskiyou","Weed Union Elementary","KK-08",470.000000,28.270000,31.330500,89.699600,48.000000,650.449951,0.102128,6485.166016,16.625397,11.176000,5.957447,655.099976,645.799988
176.000000,63032.000000,"Humboldt","South Bay Union Elementary","KK-06",575.000000,35.099998,26.434799,59.130402,59.000000,650.549988,0.102609,5504.025391,16.381767,14.228000,8.173913,654.599976,646.500000
177.000000,61655.000000,"Contra Costa","Brentwood Union Elementary","KK-08",3519.000000,175.300003,5.541300,29.781200,789.000000,650.599976,0.224211,5105.734375,20.074158,15.027000,15.458937,655.400024,645.799988
178.000000,72405.000000,"Tuolumne","Summerville Elementary","KK-08",474.000000,26.340000,21.995899,54.989799,61.000000,650.650024,0.128692,5634.730957,17.995443,10.521000,0.000000,653.599976,647.700012
179.000000,66860.000000,"Placer","Ophir Elementary","KK-08",223.000000,11.500000,1.754400,17.543900,60.000000,650.900024,0.269058,4980.294434,19.391304,18.625999,0.000000,651.799988,650.000000
180.000000,70821.000000,"Sonoma","Montgomery Elementary","KK-08",92.000000,5.600000,13.541700,0.000000,22.000000,650.900024,0.239130,6113.859863,16.428572,22.528999,0.000000,656.099976,645.700012
181.000000,70912.000000,"Sonoma","Santa Rosa Elementary","KK-06",4971.000000,297.140015,14.709400,55.100800,500.000000,651.150024,0.100583,5850.000000,16.729486,18.298389,31.824583,653.299988,649.000000
182.000000,71266.000000,"Stanislaus","Salida Union Elementary","KK-08",2617.000000,107.195000,8.368200,32.369701,226.000000,651.200012,0.086358,4547.944824,24.413452,11.885750,12.800917,651.700012,650.700012
183.000000,70128.000000,"Shasta","Shasta Union Elementary","KK-08",242.000000,13.250000,28.099199,51.652901,32.000000,651.349976,0.132231,5011.840332,18.264151,9.926000,0.000000,654.400024,648.299988
184.000000,62802.000000,"Humboldt","Fortuna Union Elementary","KK-08",780.000000,41.150002,16.539400,50.763401,75.000000,651.400024,0.096154,5261.370605,18.955042,14.197000,3.846154,662.000000,640.799988
185.000000,72090.000000,"Tulare","Rockford  Elementary","KK-08",324.000000,15.400000,13.003100,58.204300,50.000000,651.450012,0.154321,4276.115234,21.038961,9.630000,2.469136,647.000000,655.900024
186.000000,62638.000000,"Glenn","Plaza Elementary","KK-08",140.000000,6.750000,7.857100,45.714298,25.000000,651.800049,0.178571,4566.270020,20.740740,10.639000,10.714286,654.200012,649.400024
187.000000,70813.000000,"Sonoma","Monte Rio Union Elementary","KK-08",181.000000,10.000000,25.414400,66.850800,26.000000,651.849976,0.143646,6049.495117,18.100000,14.475000,0.000000,651.900024,651.799988
188.000000,64105.000000,"Lassen","Janesville Union Elementary","KK-08",516.000000,26.000000,9.259300,24.814800,65.000000,651.900024,0.125969,4974.281250,19.846153,13.467000,1.937984,656.299988,647.500000
189.000000,63172.000000,"Imperial","Magnolia Union Elementary","KK-08",108.000000,5.000000,3.669700,32.110100,25.000000,652.000000,0.231481,4432.478027,21.600000,9.665000,4.629630,648.200012,655.799988
190.000000,64188.000000,"Lassen","Shaffer Union Elementary","KK-08",419.000000,18.670000,13.953500,50.000000,58.000000,652.099976,0.138425,4924.619141,22.442421,12.708000,5.250597,656.400024,647.799988
191.000000,66506.000000,"Orange","Fullerton Elementary","KK-08",12567.000000,546.049988,7.623100,40.399502,1099.000000,652.099976,0.087451,4603.659668,23.014376,17.823000,27.540382,651.599976,652.599976
192.000000,70649.000000,"Sonoma","Cinnabar Elementary","KK-06",287.000000,16.170000,3.793100,31.034500,65.000000,652.299988,0.226481,5973.925293,17.748919,17.156000,14.982578,655.099976,649.500000
193.000000,69278.000000,"Santa Barbara","Santa Barbara Elementary","KK-08",6201.000000,339.100006,7.179600,47.702499,634.000000,652.300049,0.102242,5215.943848,18.286640,19.589636,47.879375,650.900024,653.700012
194.000000,63016.000000,"Humboldt","Rohnerville Elementary","KK-08",577.000000,29.950001,20.336100,46.050400,134.000000,652.349976,0.232236,4882.236816,19.265442,14.197000,0.000000,657.200012,647.500000
195.000000,71431.000000,"Sutter","Pleasant Grove Joint Union Elementary","KK-08",170.000000,7.500000,10.588200,32.352901,41.000000,652.400024,0.241176,4145.835938,22.666666,11.912000,1.764706,660.299988,644.500000
196.000000,73700.000000,"Shasta","Mountain Union Elementary","KK-08",164.000000,8.500000,33.536598,65.853699,36.000000,652.400024,0.219512,7542.038086,19.294117,13.386000,0.000000,655.200012,649.599976
197.000000,63784.000000,"Kern","South Fork Union Elementary","KK-08",382.000000,22.000000,29.238300,59.213799,75.000000,652.500000,0.196335,5247.018066,17.363636,11.554000,0.000000,653.099976,651.900024
198.000000,68155.000000,"San Diego","Jamul-Dulzura Union Elementary","KK-08",1221.000000,61.599998,4.340700,25.307100,250.000000,652.849976,0.204750,5169.814941,19.821428,19.025999,7.289107,656.799988,648.900024
199.000000,69765.000000,"Santa Cruz","Live Oak Elementary","KK-08",2214.000000,108.349998,12.872600,36.449902,213.000000,653.099976,0.096206,5951.005859,20.433779,16.407000,17.028004,656.099976,650.099976
200.000000,67116.000000,"Riverside","Menifee Union Elementary","KK-08",4523.000000,215.000000,5.751900,29.198700,409.000000,653.400024,0.090427,4746.572266,21.037209,14.058000,10.435552,653.700012,653.099976
201.000000,63552.000000,"Kern","Lakeside Union Elementary","KK-08",793.000000,39.799999,4.413600,30.769199,49.000000,653.500000,0.061791,4944.092285,19.924623,19.068001,2.269861,652.400024,654.599976
202.000000,69724.000000,"Santa Clara","Whisman Elementary","KK-08",1678.000000,88.269997,5.482700,38.200199,254.000000,653.549988,0.151371,6306.487305,19.009857,20.770000,28.247913,655.599976,651.500000
203.000000,63180.000000,"Imperial","McCabe Union Elementary","KK-08",536.000000,22.500000,5.597000,28.171600,35.000000,653.550049,0.065299,4260.306641,23.822222,10.264000,8.768657,653.400024,653.700012
204.000000,68551.000000,"San Joaquin","Lammersville Elementary","KK-08",307.000000,15.850000,5.537500,28.664499,36.000000,653.699951,0.117264,4718.163086,19.369085,14.578000,7.491857,654.099976,653.299988
205.000000,71563.000000,"Tehama","Lassen View Union Elementary","KK-08",347.000000,17.500000,18.443800,53.602299,56.000000,653.799988,0.161383,4751.299805,19.828571,10.202000,9.798271,655.500000,652.099976
206.000000,62927.000000,"Humboldt","Loleta Union Elementary","KK-08",168.000000,11.010000,29.166700,63.690498,30.000000,653.849976,0.178571,5653.453613,15.258855,12.502000,12.500000,655.900024,651.799988
207.000000,70045.000000,"Shasta","Junction Elementary","KK-08",532.000000,31.000000,10.506600,29.643499,81.000000,653.949951,0.152256,5920.253418,17.161291,13.906000,0.000000,656.599976,651.299988
208.000000,64931.000000,"Los Angeles","Rosemead Elementary","KK-08",3272.000000,150.000000,24.021999,76.772598,374.000000,654.099976,0.114303,4825.590820,21.813334,9.986000,31.204155,651.400024,656.799988
209.000000,66332.000000,"Nevada","Grass Valley Elementary","KK-08",2045.000000,107.209999,12.127100,40.929100,268.000000,654.199951,0.131051,5532.582031,19.074713,13.712000,1.369193,657.799988,650.599976
210.000000,71829.000000,"Tulare","Buena Vista Elementary","KK-08",156.000000,6.050000,10.429400,47.852798,7.000000,654.199951,0.044872,3926.069580,25.785124,10.098000,9.615385,659.799988,648.599976
211.000000,63545.000000,"Kern","Kernville Union Elementary","KK-08",1129.000000,61.990002,34.189499,62.267502,164.000000,654.299988,0.145261,5805.636719,18.212614,11.291000,0.000000,655.099976,653.500000
212.000000,67348.000000,"Sacramento","Galt Joint Union Elementary","KK-08",3669.000000,201.970001,11.358900,41.054600,500.000000,654.599976,0.136277,4899.239746,18.166063,13.225000,24.257290,652.700012,656.500000
213.000000,67553.000000,"San Benito","Southside Elementary","KK-08",157.000000,9.250000,1.898700,10.126600,19.000000,654.849976,0.121019,4884.862305,16.972973,13.630000,9.554140,654.200012,655.500000
214.000000,68189.000000,"San Diego","Lakeside Union Elementary","KK-08",4928.000000,229.199997,8.542000,25.888500,618.000000,654.849976,0.125406,5139.937500,21.500874,14.623000,5.925324,653.500000,656.200012
215.000000,71423.000000,"Sutter","Nuestro Elementary","KK-08",103.000000,5.000000,5.825200,23.301001,13.000000,654.900024,0.126214,5249.364746,20.600000,8.776000,0.970874,662.200012,647.599976
216.000000,61994.000000,"Fresno","Alvina Elementary","KK-08",175.000000,10.300000,14.857100,70.285698,17.000000,655.049988,0.097143,5399.070312,16.990292,10.338000,18.285713,650.000000,660.099976
217.000000,61762.000000,"Contra Costa","Oakley Union Elementary","KK-08",4153.000000,199.860001,7.526900,23.440901,241.000000,655.050049,0.058030,4965.290039,20.779545,16.323000,4.984349,657.400024,652.700012
218.000000,70268.000000,"Siskiyou","Etna Union Elementary","KK-06",280.000000,18.049999,8.695700,56.521702,67.000000,655.050049,0.239286,6210.323242,15.512466,10.656333,4.285715,660.400024,649.700012
219.000000,68544.000000,"San Joaquin","Jefferson Elementary","KK-08",865.000000,43.500000,3.084200,12.574100,96.000000,655.199951,0.110983,4797.503418,19.885057,14.578000,3.352601,660.799988,649.599976
220.000000,69377.000000,"Santa Clara","Berryessa Union Elementary","KK-08",8735.000000,408.200012,7.496600,21.343399,1120.000000,655.300049,0.128220,5397.161621,21.398823,18.630600,32.707497,655.400024,655.200012
221.000000,63958.000000,"Kings","Kit Carson Union Elementary","KK-08",412.000000,20.100000,8.737900,60.922298,72.000000,655.349976,0.174757,5078.500000,20.497513,11.116000,9.466020,653.000000,657.700012
222.000000,71290.000000,"Stanislaus","Sylvan Union Elementary","KK-08",6373.000000,329.119995,12.678500,36.889999,624.000000,655.349976,0.097913,4733.746582,19.363758,14.597667,6.260787,657.599976,653.099976
223.000000,68635.000000,"San Joaquin","Oak View Union Elementary","KK-08",332.000000,18.799999,9.036100,34.036098,73.000000,655.400024,0.219880,4963.060059,17.659575,15.493000,13.253013,653.200012,657.599976
224.000000,66787.000000,"Placer","Auburn Union Elementary","KK-08",2903.000000,138.119995,11.126400,34.447102,192.000000,655.549988,0.066138,5431.177246,21.017956,16.271999,3.169135,662.000000,649.099976
225.000000,67504.000000,"San Benito","North County Joint Union Elementary","KK-08",565.000000,29.650000,6.725700,36.637199,60.000000,655.699951,0.106195,5382.088867,19.055649,13.630000,16.991150,651.599976,659.799988
226.000000,61945.000000,"El Dorado","Pioneer Union Elementary","KK-08",586.000000,26.000000,7.508500,37.883999,78.000000,655.799988,0.133106,5724.441895,22.538462,12.394000,0.853242,662.000000,649.599976
227.000000,67645.000000,"San Bernardino","Central Elementary","KK-08",5068.000000,240.100006,7.063900,34.234402,626.000000,655.849976,0.123520,4843.427246,21.107872,15.331000,6.649566,655.900024,655.799988
228.000000,70094.000000,"Shasta","Pacheco Union Elementary","KK-08",859.000000,42.840000,16.414400,40.162998,118.000000,656.400024,0.137369,5730.349121,20.051353,12.666000,0.116414,654.099976,658.700012
229.000000,66316.000000,"Nevada","Chicago Park Elementary","KK-08",145.000000,10.210000,8.275900,20.000000,20.000000,656.500000,0.137931,5635.786133,14.201763,13.712000,0.000000,657.799988,655.200012
230.000000,68874.000000,"San Mateo","Brisbane Elementary","KK-08",649.000000,35.125000,3.852100,19.568600,155.000000,656.550049,0.238829,5671.657227,18.476868,17.780334,6.933744,658.700012,654.400024
231.000000,63883.000000,"Kings","Central Union Elementary","KK-08",1789.000000,96.000000,2.962500,56.008900,435.000000,656.650024,0.243153,7070.633301,18.635416,10.556667,9.558413,655.400024,657.900024
232.000000,70011.000000,"Shasta","Happy Valley Union Elementary","KK-08",775.000000,37.000000,24.903200,61.419399,50.000000,656.700012,0.064516,5097.343262,20.945946,10.523000,0.903226,661.500000,651.900024
233.000000,61572.000000,"Calaveras","Mark Twain Union Elementary","KK-08",777.000000,36.849998,12.988700,39.848701,148.000000,656.800049,0.190476,5482.677246,21.085482,13.243000,1.158301,663.400024,650.200012
234.000000,65458.000000,"Marin","San Rafael City Elementary","KK-08",3518.000000,188.199997,9.770800,49.426899,419.000000,656.800049,0.119102,5642.832031,18.692881,22.473000,40.108017,656.700012,656.900024
235.000000,67991.000000,"San Diego","Cajon Valley Union Elementary","KK-08",19294.000000,924.570007,18.931900,50.970798,2401.000000,657.000000,0.124443,5280.023438,20.868078,15.684654,16.663212,657.599976,656.400024
236.000000,69393.000000,"Santa Clara","Campbell Union Elementary","KK-08",7661.000000,386.420013,7.805800,32.136799,1158.000000,657.000000,0.151155,5433.339844,19.825577,23.483749,21.955359,657.299988,656.700012
237.000000,71365.000000,"Sutter","Browns Elementary","KK-08",158.000000,8.000000,6.329100,25.316500,34.000000,657.150024,0.215190,4529.283691,19.750000,11.649000,8.860760,661.000000,653.299988
238.000000,66324.000000,"Nevada","Clear Creek Elementary","KK-08",117.000000,6.000000,8.403400,36.134499,42.000000,657.400024,0.358974,6039.985840,19.500000,16.356001,0.854701,664.900024,649.900024
239.000000,63057.000000,"Humboldt","Trinidad Union Elementary","KK-08",160.000000,8.700000,16.091999,36.781601,37.000000,657.500000,0.231250,6168.229492,18.390804,14.074000,0.000000,672.799988,642.200012
240.000000,70722.000000,"Sonoma","Guerneville Elementary","KK-08",511.000000,27.200001,27.485399,51.851898,30.000000,657.550049,0.058708,5774.970215,18.786764,13.437000,3.913894,664.200012,650.900024
241.000000,69013.000000,"San Mateo","San Bruno Park Elementary","KK-08",2770.000000,140.110001,3.610100,25.559601,296.000000,657.650024,0.106859,4806.761719,19.770180,18.337999,11.949459,659.700012,655.599976
242.000000,71472.000000,"Tehama","Antelope Elementary","KK-08",551.000000,28.500000,15.234400,51.562500,46.000000,657.750000,0.083485,4840.936035,19.333334,11.426000,3.992740,660.200012,655.299988
243.000000,66472.000000,"Orange","Centralia Elementary","KK-06",5205.000000,242.500000,8.318900,37.291100,474.000000,657.799988,0.091066,4954.466309,21.463917,15.749917,22.939482,655.099976,660.500000
244.000000,67702.000000,"San Bernardino","Etiwanda Elementary","KK-08",6437.000000,278.839996,2.516700,17.150801,622.000000,657.900024,0.096629,4023.531738,23.084923,15.779000,2.485630,658.500000,657.299988
245.000000,65169.000000,"Los Angeles","Wiseburn Elementary","KK-08",1712.000000,81.279999,5.373800,32.651901,122.000000,658.000000,0.071262,5179.411133,21.062992,14.062000,9.871495,657.000000,659.000000
246.000000,63024.000000,"Humboldt","Scotia Union Elementary","KK-08",370.000000,19.799999,6.504100,36.314400,56.000000,658.349976,0.151351,4385.229492,18.686869,12.174000,0.540541,664.000000,652.700012
247.000000,67785.000000,"San Bernardino","Mountain View Elementary","KK-08",3182.000000,153.199997,3.530500,26.943300,328.000000,658.599976,0.103080,4777.512695,20.770235,12.900000,8.956632,654.700012,662.500000
248.000000,68791.000000,"San Luis Obispo","Pleasant Valley Joint Union Elementary","KK-06",139.000000,7.200000,0.719400,29.496401,32.000000,658.799988,0.230216,4862.790527,19.305555,10.971000,6.474820,661.299988,656.299988
249.000000,69625.000000,"Santa Clara","Oak Grove Elementary","KK-08",11855.000000,588.840027,9.015800,32.765499,1507.000000,659.050049,0.127119,5486.029785,20.132803,17.435200,20.725431,654.900024,663.200012
250.000000,61960.000000,"El Dorado","Pollock Pines Elementary","KK-08",1068.000000,51.669998,12.827700,36.797798,129.000000,659.150024,0.120787,5486.382324,20.669636,14.760000,0.187266,662.099976,656.200012
251.000000,64345.000000,"Los Angeles","Castaic Union Elementary","KK-08",2295.000000,103.000000,4.039500,31.370899,224.000000,659.349976,0.097603,4631.243652,22.281553,14.603000,13.986929,658.299988,660.400024
252.000000,63255.000000,"Inyo","Bishop Union Elementary","KK-08",1510.000000,73.300003,10.259800,37.108601,141.000000,659.400024,0.093377,5189.627930,20.600271,13.522333,8.741721,662.799988,656.000000
253.000000,69138.000000,"Santa Barbara","Buellton Union Elementary","KK-08",579.000000,27.799999,1.500000,31.500000,60.000000,659.400024,0.103627,4600.606445,20.827339,16.669001,20.034542,660.000000,658.799988
254.000000,75135.000000,"Madera","Chawanakee Jt. Elementary","KK-08",1012.000000,52.639999,10.484700,33.630100,140.000000,659.799988,0.138340,6735.775391,19.224924,13.522250,1.383399,660.799988,658.799988
255.000000,70508.000000,"Siskiyou","Yreka Union Elementary","KK-08",1212.000000,68.650002,18.297199,47.124699,107.000000,659.900024,0.088284,5475.172852,17.654770,12.518000,2.062706,660.400024,659.400024
256.000000,70599.000000,"Sonoma","Alexander Valley Union Elementary","KK-06",119.000000,7.000000,4.000000,33.599998,23.000000,660.050049,0.193277,5990.794434,17.000000,18.326000,28.571430,661.700012,658.400024
257.000000,66415.000000,"Nevada","Twin Ridges Elementary","KK-08",590.000000,35.762501,7.796600,30.677999,78.000000,660.099976,0.132203,7203.246582,16.497728,11.466000,0.169492,673.099976,647.099976
258.000000,72173.000000,"Tulare","Sundale Union Elementary","KK-08",546.000000,27.600000,13.919400,54.761902,60.000000,660.199951,0.109890,4777.769043,19.782608,10.098000,13.736264,659.799988,660.599976
259.000000,72207.000000,"Tulare","Three Rivers Union Elementary","KK-08",248.000000,11.120000,7.462700,21.268700,51.000000,660.299988,0.205645,4302.834961,22.302158,15.365000,0.000000,667.799988,652.799988
260.000000,72348.000000,"Tuolumne","Columbia Union Elementary","KK-08",461.000000,26.000000,14.470800,48.812099,150.000000,660.750000,0.325380,5630.194824,17.730770,10.311333,0.216920,666.900024,654.599976
261.000000,65102.000000,"Los Angeles","Westside Union Elementary","KK-08",6312.000000,308.679993,9.837900,22.693001,496.000000,660.949951,0.078580,4708.625000,20.448360,16.986626,3.121039,662.099976,659.799988
262.000000,65649.000000,"Merced","Ballico-Cressey Elementary","KK-08",285.000000,13.990000,7.241400,66.206902,62.000000,661.349976,0.217544,5629.961426,20.371695,9.612000,47.368423,661.099976,661.599976
263.000000,68973.000000,"San Mateo","Millbrae Elementary","KK-08",2325.000000,115.300003,2.881700,15.655900,302.000000,661.450012,0.129892,4890.986816,20.164787,21.110500,22.709679,662.000000,660.900024
264.000000,69435.000000,"Santa Clara","Evergreen Elementary","KK-08",11885.000000,549.840027,10.197700,30.441700,1790.000000,661.599976,0.150610,4929.393066,21.615377,16.473312,29.120741,659.099976,664.099976
265.000000,70730.000000,"Sonoma","Harmony Union Elementary","KK-08",564.000000,27.430000,6.896600,21.379299,46.000000,661.599976,0.081560,4905.221191,20.561428,18.368999,4.432624,672.400024,650.799988
266.000000,63362.000000,"Kern","Panama Buena Vista Union Elementary","KK-08",12380.000000,620.380005,12.295200,31.018900,1671.000000,661.849976,0.134976,5156.856934,19.955511,16.654112,4.814217,660.099976,663.599976
267.000000,68932.000000,"San Mateo","Laguna Salada Union Elementary","KK-08",3772.000000,178.059998,3.372000,18.387800,529.000000,661.849976,0.140244,4941.787598,21.183870,18.544222,5.249205,665.400024,658.299988
268.000000,72371.000000,"Tuolumne","Sonora Elementary","KK-08",895.000000,47.580002,17.553200,42.446800,70.000000,661.849976,0.078212,5408.781738,18.810423,14.180000,1.899441,662.700012,661.000000
269.000000,66910.000000,"Placer","Roseville City Elementary","KK-08",5714.000000,277.670013,10.534300,30.069099,489.000000,661.900024,0.085579,4981.387695,20.578382,18.029554,8.662933,664.299988,659.500000
270.000000,71084.000000,"Stanislaus","Gratton Elementary","KK-08",105.000000,5.730000,0.000000,0.000000,16.000000,661.900024,0.152381,4877.086426,18.324608,13.586000,10.476191,662.500000,661.299988
271.000000,64196.000000,"Lassen","Susanville Elementary","KK-08",1449.000000,76.989998,16.527901,42.600899,125.000000,661.950012,0.086266,5111.739258,18.820627,12.640000,1.242236,660.400024,663.500000
272.000000,69872.000000,"Shasta","Bella Vista Elementary","KK-08",510.000000,24.500000,20.392200,45.882401,95.000000,662.400024,0.186275,5201.515625,20.816326,11.103000,0.000000,663.099976,661.700012
273.000000,71852.000000,"Tulare","Columbine Elementary","KK-08",160.000000,8.000000,11.250000,56.875000,39.000000,662.400024,0.243750,4138.305664,20.000000,7.500000,9.375000,651.400024,673.400024
274.000000,64626.000000,"Los Angeles","Hughes-Elizabeth Lakes Union Elementary","KK-08",433.000000,22.000000,9.336100,25.103701,50.000000,662.450012,0.115473,5743.597168,19.681818,15.506000,1.385681,665.400024,659.500000
275.000000,69591.000000,"Santa Clara","Mountain View Elementary","KK-08",3186.000000,164.309998,5.453900,44.390701,411.000000,662.500000,0.129002,5702.705078,19.390177,22.841400,35.342121,663.500000,661.500000
276.000000,65045.000000,"Los Angeles","Sulphur Springs Union Elementary","KK-06",5010.000000,239.399994,5.298900,27.354500,576.000000,662.550049,0.114970,4802.152832,20.927319,19.823126,9.640718,661.700012,663.400024
277.000000,70680.000000,"Sonoma","Forestville Union Elementary","KK-08",717.000000,35.950001,8.888900,24.722200,100.000000,662.550049,0.139470,5442.143066,19.944366,16.347000,2.231520,669.400024,655.700012
278.000000,63750.000000,"Kern","Rosedale Union Elementary","KK-08",3548.000000,170.649994,3.260000,14.850900,335.000000,662.650024,0.094419,4522.375488,20.791094,16.292999,0.366404,658.299988,667.000000
279.000000,69948.000000,"Shasta","Columbia Elementary","KK-08",868.000000,45.200001,16.589899,29.838699,78.000000,662.700012,0.089862,4965.808105,19.203539,13.248000,0.576037,662.400024,663.000000
280.000000,66795.000000,"Placer","Colfax Elementary","KK-08",507.000000,26.650000,13.203900,37.087399,60.000000,662.750000,0.118343,5358.326172,19.024391,14.010000,0.000000,667.099976,658.400024
281.000000,70425.000000,"Siskiyou","Mt. Shasta Union Elementary","KK-08",822.000000,46.650002,8.073800,25.605499,105.000000,662.900024,0.127737,5784.625000,17.620579,14.163000,0.851582,668.299988,657.500000
282.000000,70870.000000,"Sonoma","Piner-Olivet Union Elementary","KK-06",1792.000000,88.550003,3.125000,20.926300,143.000000,663.349976,0.079799,5072.704590,20.237154,15.771000,5.524554,667.400024,659.299988
283.000000,65185.000000,"Madera","Bass Lake Joint Elementary","KK-08",1202.000000,62.299999,12.076900,35.846199,190.000000,663.449951,0.158070,5556.041016,19.293739,14.483333,0.000000,664.299988,662.599976
284.000000,62745.000000,"Humboldt","Cutten Elementary","KK-06",515.000000,27.350000,16.116501,26.213600,58.000000,663.500000,0.112621,5190.310059,18.829981,14.209000,0.000000,660.200012,666.799988
285.000000,61952.000000,"El Dorado","Placerville Union Elementary","KK-08",1354.000000,66.570000,12.038400,36.484501,263.000000,663.849976,0.194239,5211.485352,20.339493,15.167000,2.437223,666.400024,661.299988
286.000000,71035.000000,"Sonoma","Wright Elementary","KK-06",1252.000000,65.110001,9.451200,43.216499,113.000000,663.849976,0.090256,5284.164062,19.228996,12.584250,20.766773,659.400024,668.299988
287.000000,71522.000000,"Tehama","Evergreen Union Elementary","KK-08",823.000000,46.000000,13.851800,55.285500,127.000000,663.900024,0.154313,5331.920898,17.891304,10.551000,2.187120,657.700012,670.099976
288.000000,70847.000000,"Sonoma","Old Adobe Union Elementary","KK-06",2231.000000,114.300003,2.916100,13.369200,258.000000,664.000000,0.115643,5599.607910,19.518810,16.955999,13.626176,666.200012,661.799988
289.000000,71019.000000,"Sonoma","Wilmar Union Elementary","KK-06",271.000000,14.200000,4.467400,25.429600,81.000000,664.000000,0.298893,4881.899414,19.084507,17.709000,13.284133,668.700012,659.299988
290.000000,66761.000000,"Placer","Ackerman Elementary","KK-08",309.000000,15.500000,4.207100,32.686100,85.000000,664.150024,0.275081,4700.432129,19.935484,16.271999,1.941748,671.299988,657.000000
291.000000,69815.000000,"Santa Cruz","Santa Cruz City Elementary","KK-06",3005.000000,159.220001,8.619000,33.810299,308.000000,664.150024,0.102496,5650.000000,18.873257,17.900801,23.061565,666.700012,661.599976
292.000000,62679.000000,"Humboldt","Arcata Elementary","KK-08",966.000000,47.959999,20.958099,47.305401,114.000000,664.299988,0.118012,5318.240723,20.141785,11.834000,0.621118,674.000000,654.599976
293.000000,67595.000000,"San Bernardino","Alta Loma Elementary","KK-08",7710.000000,327.299988,4.472200,15.929900,814.000000,664.400024,0.105577,4709.054199,23.556372,18.620199,3.255512,663.400024,665.400024
294.000000,66837.000000,"Placer","Foresthill Union Elementary","KK-08",762.000000,35.500000,10.810800,30.373199,54.000000,664.449951,0.070866,5143.190430,21.464788,12.431000,0.000000,663.099976,665.799988
295.000000,61929.000000,"El Dorado","Mother Lode Union Elementary","KK-08",1708.000000,89.000000,8.489500,29.039801,206.000000,664.700012,0.120609,5133.009766,19.191011,15.167000,2.224824,665.500000,663.900024
296.000000,66613.000000,"Orange","Ocean View Elementary","KK-08",9850.000000,489.299988,3.335000,30.643700,1113.000000,664.750000,0.112995,5081.455566,20.130800,20.875750,18.558376,663.700012,665.799988
297.000000,62596.000000,"Glenn","Lake Elementary","KK-08",129.000000,5.000000,9.302300,50.387600,10.000000,664.949951,0.077519,4016.416260,25.799999,10.639000,6.201550,667.599976,662.299988
298.000000,69039.000000,"San Mateo","San Mateo-Foster City Elementary","KK-08",10619.000000,565.510010,2.538400,28.376600,1150.000000,664.950012,0.108296,5374.050293,18.777740,25.029619,18.457481,665.900024,664.000000
299.000000,69195.000000,"Santa Barbara","Goleta Union Elementary","KK-06",4521.000000,236.580002,3.705200,31.082800,494.000000,665.099976,0.109268,5427.548828,19.109816,16.757801,32.072552,666.799988,663.400024
300.000000,67736.000000,"San Bernardino","Helendale Elementary","KK-08",580.000000,29.440001,11.896600,30.172400,114.000000,665.200012,0.196552,5179.644531,19.701086,15.297000,3.965517,656.200012,674.200012
301.000000,70854.000000,"Sonoma","Petaluma City Elementary","KK-06",2569.000000,138.000000,5.486400,24.747101,326.000000,665.349976,0.126898,5400.000000,18.615942,17.369446,15.336707,669.799988,660.900024
302.000000,69690.000000,"Santa Clara","Sunnyvale Elementary","KK-08",6022.000000,286.799988,6.395000,36.000702,756.000000,665.650024,0.125540,5726.146484,20.997211,22.096001,27.665228,663.900024,667.400024
303.000000,69179.000000,"Santa Barbara","College Elementary","KK-08",670.000000,33.500000,0.416100,13.869600,47.000000,665.900024,0.070149,5003.870117,20.000000,22.841999,12.537314,670.299988,661.500000
304.000000,68197.000000,"San Diego","La Mesa-Spring Valley","KK-08",14708.000000,700.940002,13.530100,45.723400,1962.000000,665.950012,0.133397,4969.511230,20.983252,18.319876,12.680175,664.500000,667.400024
305.000000,66530.000000,"Orange","Huntington Beach City Elementary","KK-08",6601.000000,305.000000,1.196800,15.088600,706.000000,666.000000,0.106953,4747.295898,21.642624,25.030001,6.908044,668.000000,664.000000
306.000000,69336.000000,"Santa Barbara","Solvang Elementary","KK-08",675.000000,33.700001,0.000000,31.851900,87.000000,666.050049,0.128889,4543.305176,20.029673,21.957001,14.962962,668.700012,663.400024
307.000000,69849.000000,"Santa Cruz","Soquel Elementary","KK-08",2458.000000,124.070000,6.018700,24.603500,193.000000,666.099976,0.078519,5229.591309,19.811398,18.796833,11.269325,666.900024,665.299988
308.000000,62554.000000,"Glenn","Capay Joint Union Elementary","KK-08",144.000000,8.000000,4.166700,44.444401,14.000000,666.150024,0.097222,4507.353027,18.000000,10.639000,9.722222,671.900024,660.400024
309.000000,70714.000000,"Sonoma","Gravenstein Union Elementary","KK-08",573.000000,29.600000,6.993000,15.209800,48.000000,666.150024,0.083770,5302.627930,19.358109,17.507999,3.315881,671.000000,661.299988
310.000000,66381.000000,"Nevada","Pleasant Valley Elementary","KK-08",721.000000,35.730000,1.849400,18.494101,82.000000,666.449951,0.113731,5545.610352,20.179121,18.593000,0.693481,668.799988,664.099976
311.000000,63990.000000,"Kings","Pioneer Union Elementary","KK-08",992.000000,46.970001,3.729800,22.883101,160.000000,666.550049,0.161290,4615.908691,21.119864,11.116000,5.141129,671.200012,661.900024
312.000000,68361.000000,"San Diego","Santee Elementary","KK-08",8432.000000,360.500000,6.392300,22.983900,0.000000,666.599976,0.000000,5397.689453,23.389736,14.097667,4.969165,663.700012,669.500000
313.000000,64113.000000,"Lassen","Johnstonville Elementary","KK-08",244.000000,11.000000,15.573800,40.163898,15.000000,666.650024,0.061475,5118.373047,22.181818,12.640000,6.967213,672.099976,661.200012
314.000000,72553.000000,"Ventura","Pleasant Valley Elementary","KK-08",7116.000000,356.820007,2.599000,13.276200,785.000000,666.650024,0.110315,5008.070801,19.942827,20.936428,7.996065,667.500000,665.799988
315.000000,72355.000000,"Tuolumne","Curtis Creek Elementary","KK-08",830.000000,46.660000,10.411900,32.608700,95.000000,666.699951,0.114458,4906.030273,17.788256,14.180000,0.481928,662.099976,671.299988
316.000000,70300.000000,"Siskiyou","Fort Jones Union Elementary","KK-06",160.000000,10.880000,13.375800,53.503201,38.000000,666.849976,0.237500,6870.346191,14.705882,11.826000,2.500000,666.900024,666.799988
317.000000,70805.000000,"Sonoma","Mark West Union Elementary","KK-06",1588.000000,83.400002,6.798500,20.580999,220.000000,666.849976,0.138539,5301.716309,19.040768,18.671000,3.841310,671.299988,662.400024
318.000000,67967.000000,"San Diego","Alpine Union Elementary","KK-08",2272.000000,108.750000,4.049300,16.065100,307.000000,667.150024,0.135123,5182.365723,20.891954,17.332001,1.320423,667.700012,666.599976
319.000000,70938.000000,"Sonoma","Sebastopol Union Elementary","KK-08",1425.000000,71.830002,5.092600,19.830200,65.000000,667.199951,0.045614,4999.468750,19.838507,17.507999,4.912281,669.799988,664.599976
320.000000,62828.000000,"Humboldt","Freshwater Elementary","KK-06",245.000000,12.550000,8.979600,13.061200,30.000000,667.450012,0.122449,6732.066406,19.521912,15.572000,0.000000,672.200012,662.700012
321.000000,63693.000000,"Kern","Norris Elementary","KK-08",1349.000000,65.212502,2.001500,8.673100,259.000000,667.450012,0.191994,4612.989746,20.686218,15.567250,0.222387,667.000000,667.900024
322.000000,72132.000000,"Tulare","Springville Union Elementary","KK-08",400.000000,22.000000,13.800900,29.864300,65.000000,667.599976,0.162500,5478.845703,18.181818,15.752000,0.000000,669.200012,666.000000
323.000000,69575.000000,"Santa Clara","Moreland Elementary","KK-08",4632.000000,245.179993,7.037000,23.642000,637.000000,668.000000,0.137522,5666.713867,18.892242,20.469999,17.854059,669.400024,666.599976
324.000000,63610.000000,"Kern","Maple Elementary","KK-08",224.000000,9.000000,5.357100,35.267899,15.000000,668.099976,0.066964,4742.514160,24.888889,9.709000,4.464286,660.500000,675.700012
325.000000,63941.000000,"Kings","Kings River-Hardwick Union Elementary","KK-08",576.000000,31.000000,3.993100,28.125000,92.000000,668.400024,0.159722,4907.392578,18.580645,11.116000,9.548612,665.799988,671.000000
326.000000,68163.000000,"San Diego","Julian Union Elementary","KK-08",451.000000,25.000000,8.647500,11.751700,75.000000,668.599976,0.166297,5700.402344,18.040001,16.320999,3.991131,672.700012,664.500000
327.000000,68007.000000,"San Diego","Cardiff Elementary","KK-06",900.000000,50.750000,2.101800,24.336300,145.000000,668.650024,0.161111,5191.834473,17.733990,21.966999,20.666666,668.799988,668.500000
328.000000,72108.000000,"Tulare","Saucelito Elementary","KK-08",118.000000,5.500000,8.333300,51.666698,10.000000,668.799988,0.084746,4451.256836,21.454546,8.934000,7.627119,668.500000,669.099976
329.000000,67975.000000,"San Diego","Bonsall Union Elementary","KK-08",1457.000000,73.129997,5.982300,42.964001,0.000000,668.900024,0.000000,5627.527832,19.923426,19.997000,27.453672,666.200012,671.599976
330.000000,66480.000000,"Orange","Cypress Elementary","KK-06",4734.000000,232.750000,2.607800,19.372499,586.000000,668.950012,0.123785,4922.939941,20.339420,18.827230,10.857626,665.500000,672.400024
331.000000,64766.000000,"Los Angeles","Lowell Joint Elementary","KK-08",3303.000000,146.500000,4.662400,16.954300,379.000000,669.099976,0.114744,4969.380859,22.546076,18.118666,5.025734,666.099976,672.099976
332.000000,64832.000000,"Los Angeles","Newhall Elementary","KK-06",6055.000000,286.920013,5.613400,30.085100,540.000000,669.300049,0.089182,4829.717285,21.103443,23.667376,14.236169,668.900024,669.700012
333.000000,65359.000000,"Marin","Lagunitas Elementary","KK-08",424.000000,23.299999,3.537700,15.330200,39.000000,669.300049,0.091981,6716.692871,18.197426,22.139000,0.235849,680.900024,657.700012
334.000000,69385.000000,"Santa Clara","Cambrian Elementary","KK-08",2801.000000,139.300003,5.033900,23.098900,615.000000,669.349976,0.219564,5205.941895,20.107681,20.546000,2.070689,673.299988,665.400024
335.000000,71654.000000,"Tehama","Richfield Elementary","KK-08",187.000000,9.760000,17.553200,44.680901,37.000000,669.349976,0.197861,4357.826172,19.159836,9.485000,8.556149,664.599976,674.099976
336.000000,62794.000000,"Humboldt","Fieldbrook Elementary","KK-08",129.000000,6.600000,13.953500,27.131800,17.000000,669.799988,0.131783,5195.918945,19.545454,11.834000,0.000000,670.099976,669.500000
337.000000,68049.000000,"San Diego","Dehesa Elementary","KK-06",188.000000,9.000000,6.383000,36.702099,41.000000,669.849976,0.218085,6002.071777,20.888889,18.799000,4.787234,673.200012,666.500000
338.000000,69955.000000,"Shasta","Cottonwood Union Elementary","KK-08",1212.000000,65.900002,22.194700,46.122101,116.000000,669.950012,0.095710,5090.587891,18.391502,10.551000,3.960396,669.200012,670.700012
339.000000,63479.000000,"Kern","Fruitvale Elementary","KK-08",2596.000000,135.350006,3.004600,19.530001,249.000000,670.000000,0.095917,5112.390137,19.179903,15.519000,1.579353,669.200012,670.799988
340.000000,69708.000000,"Santa Clara","Union Elementary","KK-08",4925.000000,253.895996,3.821100,12.174800,753.000000,670.699951,0.152893,5287.354980,19.397707,21.631727,3.593909,672.799988,668.599976
341.000000,66498.000000,"Orange","Fountain Valley Elementary","KK-08",6257.000000,288.630005,2.163500,15.512800,930.000000,671.250000,0.148634,4889.479980,21.678272,21.095751,8.726227,671.200012,671.299988
342.000000,61879.000000,"El Dorado","Gold Oak Union Elementary","KK-08",868.000000,45.000000,4.723500,19.009199,122.000000,671.299988,0.140553,5118.130371,19.288889,15.167000,0.000000,674.599976,668.000000
343.000000,61838.000000,"El Dorado","Buckeye Union Elementary","KK-08",3787.000000,186.100006,3.248000,8.344300,934.000000,671.599976,0.246633,5119.123047,20.349274,19.117001,0.264061,674.900024,668.299988
344.000000,75085.000000,"Placer","Rocklin Unified","KK-08",6423.000000,306.380005,2.929900,14.266000,855.000000,671.599976,0.133115,4792.211426,20.964161,17.620001,1.447922,671.400024,671.799988
345.000000,61887.000000,"El Dorado","Gold Trail Union Elementary","KK-08",678.000000,34.840000,2.507400,15.929200,47.000000,671.650024,0.069322,5450.103516,19.460390,15.167000,0.147493,677.599976,665.700012
346.000000,62885.000000,"Humboldt","Hydesville Elementary","KK-08",162.000000,8.400000,16.959101,33.918098,23.000000,671.699951,0.141975,5210.724609,19.285715,10.643000,0.000000,679.799988,663.599976
347.000000,64998.000000,"Los Angeles","Saugus Union Elementary","KK-06",8529.000000,407.700012,2.192500,11.701300,834.000000,671.750000,0.097784,4715.445801,20.919794,20.739056,3.705006,668.900024,674.599976
348.000000,66845.000000,"Placer","Loomis Union Elementary","KK-08",1862.000000,89.089996,2.829700,21.089199,231.000000,671.900024,0.124060,4632.068359,20.900213,21.566000,0.268528,673.099976,670.700012
349.000000,66886.000000,"Placer","Placer Hills Union Elementary","KK-08",1452.000000,70.500000,2.426000,10.414200,183.000000,671.900024,0.126033,5028.561523,20.595745,17.656000,0.000000,679.599976,664.200012
350.000000,70672.000000,"Sonoma","Dunham Elementary","KK-06",155.000000,8.000000,0.645200,12.258100,32.000000,671.949951,0.206452,5695.466797,19.375000,17.709000,4.516129,672.299988,671.599976
351.000000,69021.000000,"San Mateo","San Carlos Elementary","KK-08",2536.000000,127.110001,2.032800,2.032800,343.000000,672.049988,0.135252,4504.294922,19.951223,27.816000,2.444795,676.099976,668.000000
352.000000,66399.000000,"Nevada","Ready Springs Union Elementary","KK-08",567.000000,30.080000,4.895100,29.021000,103.000000,672.050049,0.181658,5156.437012,18.849733,18.593000,0.000000,673.900024,670.200012
353.000000,65219.000000,"Madera","Coarsegold Union Elementary","KK-08",953.000000,52.599998,7.987600,33.921200,135.000000,672.299988,0.141658,5433.514160,18.117870,14.263000,0.000000,668.099976,676.500000
354.000000,68726.000000,"San Luis Obispo","Cayucos Elementary","KK-08",296.000000,15.430000,5.592100,25.986799,42.000000,672.349976,0.141892,5254.631836,19.183409,22.757999,5.405406,674.599976,670.099976
355.000000,64170.000000,"Lassen","Richmond Elementary","KK-08",198.000000,9.000000,2.451000,12.745100,24.000000,672.450012,0.121212,4593.196777,22.000000,12.640000,0.000000,672.700012,672.200012
356.000000,62109.000000,"Fresno","Clay Joint Elementary","KK-08",218.000000,10.100000,2.242200,25.112101,49.000000,672.550049,0.224771,4320.678711,21.584158,11.238000,6.422018,669.400024,675.700012
357.000000,70995.000000,"Sonoma","Waugh Elementary","KK-06",734.000000,36.000000,2.024300,12.820500,117.000000,672.699951,0.159401,4920.777344,20.388889,16.955999,6.539509,676.099976,669.299988
358.000000,70979.000000,"Sonoma","Two Rock Union Elementary","KK-06",189.000000,11.600000,2.072500,32.124401,50.000000,673.049988,0.264550,6905.869141,16.293102,17.709000,14.285715,679.099976,667.000000
359.000000,68866.000000,"San Mateo","Belmont-Redwood Shores Elementary","KK-08",2528.000000,138.309998,1.342100,2.445600,482.000000,673.250000,0.190665,5729.904297,18.277782,25.622000,3.678797,675.000000,671.500000
360.000000,61978.000000,"El Dorado","Rescue Union Elementary","KK-08",2987.000000,154.169998,2.042200,11.181800,290.000000,673.299988,0.097087,4825.202148,19.374716,18.726000,0.502176,676.099976,670.500000
361.000000,66779.000000,"Placer","Alta-Dutch Flat Union Elementary","KK-08",208.000000,11.000000,9.389700,32.863800,21.000000,673.549988,0.100962,5388.170410,18.909090,13.443000,0.000000,680.500000,666.599976
362.000000,68353.000000,"San Diego","San Pasqual Union Elementary","KK-08",379.000000,23.100000,2.902400,22.163601,29.000000,673.549988,0.076517,5133.827148,16.406925,15.180000,22.691294,670.500000,676.599976
363.000000,61911.000000,"El Dorado","Latrobe Elementary","KK-08",145.000000,9.300000,6.206900,0.000000,27.000000,673.900024,0.186207,5346.156250,15.591397,19.117001,0.000000,670.500000,677.299988
364.000000,66407.000000,"Nevada","Union Hill Elementary","KK-08",706.000000,37.740002,2.593700,23.054800,103.000000,674.250000,0.145892,4789.309082,18.706942,13.712000,0.141643,676.000000,672.500000
365.000000,70961.000000,"Sonoma","Twin Hills Union Elementary","KK-08",878.000000,47.900002,1.375000,15.750000,105.000000,675.400024,0.119590,5329.782227,18.329853,17.507999,2.733485,681.000000,669.799988
366.000000,62976.000000,"Humboldt","Pacific Union Elementary","KK-08",594.000000,33.180000,12.268900,25.378201,75.000000,675.700012,0.126263,5371.172852,17.902351,11.834000,1.683502,683.000000,668.400024
367.000000,71696.000000,"Trinity","Douglas City Elementary","KK-08",139.000000,7.350000,20.863300,66.906502,40.000000,676.150024,0.287770,5771.383789,18.911566,13.273000,0.000000,680.099976,672.200012
368.000000,66373.000000,"Nevada","Pleasant Ridge Union Elementary","KK-08",2089.000000,102.779999,2.518500,14.037000,318.000000,676.549988,0.152226,4993.634766,20.324966,16.356001,0.143609,673.799988,679.299988
369.000000,66852.000000,"Placer","Newcastle Elementary","KK-08",326.000000,16.280001,4.294500,11.042900,42.000000,676.599976,0.128834,4854.038086,20.024569,18.625999,0.000000,673.299988,679.900024
370.000000,72470.000000,"Ventura","Mesa Union Elementary","KK-08",516.000000,21.500000,0.969000,27.713200,50.000000,676.849976,0.096899,4392.679688,24.000000,23.733000,11.046512,680.500000,673.200012
371.000000,71787.000000,"Trinity","Weaverville Elementary","KK-08",449.000000,25.500000,12.727300,48.484798,50.000000,676.949951,0.111359,5884.432129,17.607843,12.934000,0.000000,672.799988,681.099976
372.000000,70078.000000,"Shasta","North Cow Creek Elementary","KK-08",297.000000,15.350000,2.356900,4.040400,70.000000,677.250000,0.235690,4273.993164,19.348534,13.906000,0.000000,679.000000,675.500000
373.000000,66340.000000,"Nevada","Nevada City Elementary","KK-08",1579.000000,80.239998,5.555600,21.780300,165.000000,677.950012,0.104497,5146.784180,19.678465,15.428000,0.063331,678.500000,677.400024
374.000000,62893.000000,"Humboldt","Jacoby Creek Elementary","KK-08",383.000000,20.450001,6.005200,10.182800,49.000000,678.050049,0.127937,5351.522949,18.728605,15.381000,0.000000,682.900024,673.200012
375.000000,70698.000000,"Sonoma","Fort Ross Elementary","KK-08",81.000000,5.100000,3.614500,0.000000,14.000000,678.400024,0.172840,7667.571777,15.882353,22.528999,0.000000,685.299988,671.500000
376.000000,68080.000000,"San Diego","Encinitas Union Elementary","KK-06",5259.000000,262.230011,2.395900,19.091101,701.000000,678.799988,0.133295,5281.708984,20.054913,23.806099,15.059897,679.000000,678.599976
377.000000,65318.000000,"Marin","Dixie Elementary","KK-08",1960.000000,108.959999,1.941700,3.730200,223.000000,679.400024,0.113776,5368.502930,17.988253,24.603001,1.479592,684.099976,674.700012
378.000000,69492.000000,"Santa Clara","Lakeside Joint Elementary","KK-06",151.000000,8.900000,2.649000,8.609300,31.000000,679.500000,0.205298,6429.257324,16.966293,36.174000,2.649007,676.799988,682.200012
379.000000,64600.000000,"Los Angeles","Hermosa Beach City Elementary","KK-08",946.000000,49.169998,2.178400,6.535300,310.000000,679.650024,0.327696,5387.458984,19.239374,33.455002,1.479915,683.099976,676.200012
380.000000,70896.000000,"Sonoma","Rincon Valley Union Elementary","KK-06",2707.000000,141.020004,5.139600,19.230801,300.000000,679.750000,0.110824,5235.774902,19.195858,20.480223,4.469893,678.700012,680.799988
381.000000,66233.000000,"Monterey","Washington Union Elementary","KK-08",919.000000,46.889999,1.049300,0.000000,141.000000,679.800049,0.153428,4829.896484,19.599062,20.134001,0.326442,680.200012,679.400024
382.000000,70623.000000,"Sonoma","Bennett Valley Union Elementary","KK-06",945.000000,46.000000,4.239900,10.651500,216.000000,680.050049,0.228571,5088.708008,20.543478,19.346500,2.539683,685.700012,674.400024
383.000000,69500.000000,"Santa Clara","Loma Prieta Joint Union Elemen","KK-08",738.000000,39.702000,0.000000,0.677500,220.000000,680.450012,0.298103,5390.118164,18.588484,36.174000,0.542005,684.200012,676.700012
384.000000,70789.000000,"Sonoma","Kenwood Elementary","KK-06",164.000000,10.510000,2.352900,12.941200,35.000000,681.299988,0.213415,6588.430664,15.604186,22.863335,11.585366,682.799988,679.799988
385.000000,70797.000000,"Sonoma","Liberty Elementary","KK-06",167.000000,10.920000,0.520800,11.458300,29.000000,681.299988,0.173653,6196.694824,15.293040,17.709000,11.377245,680.799988,681.799988
386.000000,71142.000000,"Stanislaus","Knights Ferry Elementary","KK-08",125.000000,7.080000,4.000000,14.400000,25.000000,681.599976,0.200000,4645.413086,17.655367,14.177000,0.000000,688.500000,674.700012
387.000000,65334.000000,"Marin","Kentfield Elementary","KK-08",1091.000000,62.060001,0.536700,0.536700,113.000000,681.900024,0.103575,6489.928711,17.579762,41.092999,1.374885,689.799988,674.000000
388.000000,69104.000000,"Santa Barbara","Ballard Elementary","KK-06",134.000000,6.000000,0.746300,3.731300,27.000000,682.150024,0.201493,5094.958984,22.333334,21.957001,2.238806,681.799988,682.500000
389.000000,70839.000000,"Sonoma","Oak Grove Union Elementary","KK-08",600.000000,32.000000,2.694100,29.318501,55.000000,682.450012,0.091667,4841.958496,18.750000,16.063999,5.333333,680.000000,684.900024
390.000000,75002.000000,"Marin","Ross Valley Elementary","KK-08",1803.000000,99.599998,1.924200,3.622000,283.000000,682.549988,0.156961,6315.312500,18.102409,25.737000,2.773156,685.599976,679.500000
391.000000,69773.000000,"Santa Cruz","Mountain Elementary","KK-06",158.000000,7.800000,13.750000,16.250000,15.000000,682.650024,0.094937,5399.383301,20.256411,20.474001,0.000000,687.299988,678.000000
392.000000,68882.000000,"San Mateo","Burlingame Elementary","KK-08",2392.000000,127.220001,1.421400,6.270900,439.000000,683.349976,0.183528,5429.473633,18.802074,35.810001,17.725752,682.400024,684.299988
393.000000,70003.000000,"Shasta","Grant Elementary","KK-08",526.000000,28.020000,3.992400,11.406800,33.000000,683.400024,0.062738,5644.286133,18.772305,13.567000,0.000000,684.500000,682.299988
394.000000,69757.000000,"Santa Cruz","Happy Valley Elementary","KK-06",141.000000,6.910000,10.071900,9.352500,44.000000,684.300049,0.312057,6060.256836,20.405210,20.089001,0.000000,680.400024,688.200012
395.000000,69732.000000,"Santa Cruz","Bonny Doon Union Elementary","KK-06",235.000000,12.600000,4.661000,5.932200,30.000000,684.349976,0.127660,5319.553711,18.650793,18.283001,0.425532,688.500000,680.200012
396.000000,61812.000000,"Contra Costa","Walnut Creek Elementary","KK-08",3280.000000,158.399994,2.752300,7.859300,406.000000,684.800049,0.123780,4819.903809,20.707071,25.239716,6.067073,682.200012,687.400024
397.000000,69211.000000,"Santa Barbara","Hope Elementary","KK-06",1254.000000,57.000000,1.582300,12.500000,0.000000,684.950012,0.000000,5208.226074,22.000000,25.063000,10.127591,686.200012,683.700012
398.000000,65367.000000,"Marin","Larkspur Elementary","KK-08",948.000000,53.560001,1.793200,1.898700,155.000000,686.050049,0.163502,5859.964844,17.699776,30.628500,3.375527,692.200012,679.900024
399.000000,69419.000000,"Santa Clara","Cupertino Union Elementary","KK-08",15228.000000,708.830017,1.715400,4.690900,2232.000000,686.699951,0.146572,4962.736816,21.483290,27.475216,8.648542,683.099976,690.299988
400.000000,69781.000000,"Santa Cruz","Pacific Elementary","KK-06",81.000000,4.850000,13.253000,20.481899,21.000000,687.549988,0.259259,7614.379395,16.701031,30.840000,12.345679,693.799988,681.299988
401.000000,69526.000000,"Santa Clara","Los Gatos Union Elementary","KK-08",2768.000000,141.399994,0.448100,2.792100,540.000000,689.099976,0.195087,5566.467773,19.575672,34.159500,1.589595,691.599976,686.599976
402.000000,69252.000000,"Santa Barbara","Montecito Union Elementary","KK-06",535.000000,31.000000,0.080000,0.720000,84.000000,691.049988,0.157009,7039.949219,17.258064,43.230000,1.495327,693.500000,688.599976
403.000000,68387.000000,"San Diego","Solana Beach Elementary","KK-06",2542.000000,146.300003,0.826100,9.677400,404.000000,691.349976,0.158930,6604.063965,17.375256,27.947750,10.385523,687.700012,695.000000
404.000000,68965.000000,"San Mateo","Menlo Park City Elementary","KK-08",1940.000000,111.820000,0.412400,3.917500,265.000000,691.900024,0.136598,6180.148926,17.349312,49.938999,6.134020,693.700012,690.099976
405.000000,65425.000000,"Marin","Reed Union Elementary","KK-08",1059.000000,65.120003,0.849900,1.416400,272.000000,693.950012,0.256846,6460.657227,16.262285,55.327999,2.266289,695.900024,692.000000
406.000000,65391.000000,"Marin","Mill Valley Elementary","KK-08",2340.000000,132.199997,1.581200,2.435900,403.000000,694.250000,0.172222,6415.354980,17.700455,35.480999,2.478632,693.599976,694.900024
407.000000,61713.000000,"Contra Costa","Lafayette Elementary","KK-08",3469.000000,172.339996,0.000000,0.173400,496.000000,694.800049,0.142981,5230.876953,20.128815,34.300999,0.893629,697.900024,691.700012
408.000000,68056.000000,"San Diego","Del Mar Union Elementary","KK-06",2106.000000,115.300003,1.709400,2.611600,300.000000,695.199951,0.142450,5838.171875,18.265394,38.628571,2.421652,695.099976,695.299988
409.000000,69088.000000,"San Mateo","Woodside Elementary","KK-08",478.000000,32.869999,0.000000,0.000000,112.000000,695.299988,0.234310,7711.506836,14.542136,35.341999,3.765690,701.299988,689.299988
410.000000,61747.000000,"Contra Costa","Moraga Elementary","KK-08",1885.000000,98.419998,0.050600,0.303300,241.000000,696.550049,0.127851,5592.765137,19.152611,31.052000,1.962865,697.400024,695.700012
411.000000,61770.000000,"Contra Costa","Orinda Union Elementary","KK-08",2422.000000,139.470001,0.000000,0.123900,466.000000,698.199951,0.192403,5933.154297,17.365742,40.264000,0.578035,699.099976,697.299988
412.000000,68908.000000,"San Mateo","Hillsborough City Elementary","KK-08",1318.000000,87.059998,0.151700,0.000000,412.000000,698.250000,0.312595,7593.405762,15.138985,35.810001,2.807284,695.400024,701.099976
413.000000,69161.000000,"Santa Barbara","Cold Spring Elementary","KK-06",220.000000,12.330000,0.454500,0.000000,22.000000,698.449951,0.100000,6500.449707,17.842661,43.230000,1.363636,693.299988,703.599976
414.000000,68981.000000,"San Mateo","Portola Valley Elementary","KK-08",687.000000,44.590000,0.304900,0.000000,209.000000,699.099976,0.304221,7217.263184,15.407042,50.676998,1.164483,698.299988,699.900024
415.000000,69682.000000,"Santa Clara","Saratoga Union Elementary","KK-08",2341.000000,124.089996,0.170900,0.598000,286.000000,700.300049,0.122170,5392.638672,18.865339,40.402000,2.050406,698.900024,701.700012
416.000000,68957.000000,"San Mateo","Las Lomitas Elementary","KK-08",984.000000,59.730000,0.101600,3.556900,195.000000,704.300049,0.198171,7290.338867,16.474134,28.716999,5.995935,700.900024,707.700012
417.000000,69518.000000,"Santa Clara","Los Altos Elementary","KK-08",3724.000000,208.479996,1.074100,1.503800,721.000000,706.750000,0.193609,5741.462891,17.862625,41.734108,4.726101,704.000000,709.500000
418.000000,72611.000000,"Ventura","Somis Union Elementary","KK-08",441.000000,20.150000,3.563500,37.193802,45.000000,645.000000,0.102041,4402.831543,21.885857,23.733000,24.263039,648.299988,641.700012
419.000000,72744.000000,"Yuba","Plumas Elementary","KK-08",101.000000,5.000000,11.881200,59.405899,14.000000,672.200012,0.138614,4776.336426,20.200001,9.952000,2.970297,667.900024,676.500000
420.000000,72751.000000,"Yuba","Wheatland Elementary","KK-08",1778.000000,93.400002,6.923500,47.571201,313.000000,655.750000,0.176041,5993.392578,19.036402,12.502000,5.005624,660.500000,651.000000
